{
  "data": [
    {
      "name": "2019 花東行",
      "country": "臺灣",
      "cities": [ "花蓮","台東" ],
      "startDate": "2019-01-01",
      "isPrivate": false,
      "journal": "此趟行程包括花蓮、台東最值得造訪的景點，你能夠到山上享受清新空氣、看到大片金黃的金針花海，也能夠到七星潭、三仙台看到蔚藍的海洋，除此之外，還有刺激的泛舟、令人垂涎的當地美食、私房景點等著你！",
      "contents": [
        {
          "activities": [
            {
              "name": "秀姑巒溪遊客中心",
              "cost": 800,
              "placeId": "ChIJ-8aNc39FbzQRh1tWBgRDZWc",
              "startTime": "2019-01-01 10:30:00",
              "endTime": "2019-01-01 15:00:00"
            },
            {
              "name": "東大門夜市",
              "cost": 300,
              "placeId": "ChIJKQxO8emfaDQR5SAKaOCWeb4",
              "startTime": "2019-01-01 18:00:00",
              "endTime": "2019-01-01 19:00:00"
            }
          ],
          "note": "泛舟必須先預訂，電話或是利用kkday/klook都可以，泛舟之旅會附帶午餐，東大門夜市可以從旅館借腳踏車騎過去"
        },
        {
          "activities": [
            {
              "name": "六十石山金針花海",
              "cost": 0,
              "placeId": "ChIJKTUhPFxsbzQR8No95MV8Ipg",
              "startTime": "2019-01-02 10:00:00",
              "endTime": "2019-01-02 14:00:00"
            },
            {
              "name": "七星潭海岸風景特定區",
              "cost": 100,
              "placeId": "ChIJpTcgYOidaDQRVHUO3ILkXJs",
              "startTime": "2019-01-02 16:00:00",
              "endTime": "2019-01-02 18:00:00"
            }
          ],
          "note": "七星潭不能把石頭帶走喔～"
        },
        {
          "activities": [
            {
              "name": "東部海岸國家風景區三仙台遊客中心",
              "cost": 0,
              "placeId": "ChIJwx8IS0ZwbzQRgoFe8aDAFx0",
              "startTime": "2019-01-03 10:00:00",
              "endTime": "2019-01-03 12:00:00"
            },
            {
              "name": "知本溫泉",
              "cost": 400,
              "placeId": "ChIJ7yDuP97JbzQRr_mzjOYs7tc",
              "startTime": "2019-01-03 15:00:00",
              "endTime": "2019-01-03 17:00:00"
            }
          ],
          "note": "溫泉要穿泳衣才能進去泡"
        }
      ],
      "sites": [
        ["秀姑巒溪遊客中心", "東大門夜市"],
        ["六十石山金針花海", "七星潭海岸風景特定區"],
        ["東部海岸國家風景區三仙台遊客中心", "知本溫泉"]
      ],
      "comments": [
        {
          "date": "2019-03-03 10:00:00",
          "text": "花東真的值得一去！",
          "replies": [
            {
              "date": "2019-03-04 13:10:00",
              "text": "+1"
            }
          ]
        },
        {
          "date": "2019-03-10 14:00:00",
          "text": "台灣最美麗的地方"
        }
      ]
    },
    {
      "name": "大台北3日遊",
      "country": "臺灣",
      "cities": ["台北", "新北", "基隆"],
      "startDate": "2019-05-05",
      "isPrivate": false,
      "journal": "大台北都會區不只是台灣人口最多的地區，也隱藏了許多好吃、好玩的等著你來探索，不僅如此，在兩個小時的車程內你就能看到都市、高山、大海等不同的樣貌，現在就一起出發去探索北台灣之美吧！",
      "contents": [
        {
          "activities": [
            {
              "name": "陽明山國家公園",
              "cost": 300,
              "placeId": "ChIJS8fPJPitQjQRebDDT6PjC1w",
              "startTime": "2019-05-05 10:30:00",
              "endTime": "2019-05-05 14:00:00"
            },
            {
              "name": "淡水老街",
              "cost": 300,
              "placeId": "ChIJOboJaVqlQjQRxwuIT4kvkKQ",
              "startTime": "2019-05-05 15:30:00",
              "endTime": "2019-05-05 17:30:00"
            },
            {
              "name": "華山1914文化創意產業園區",
              "cost": 0,
              "placeId": "ChIJbSTgI2WpQjQRcVwWB2cnyfE",
              "startTime": "2019-05-05 19:00:00",
              "endTime": "2019-05-05 20:00:00"
            }
          ],
          "note": "午餐可以在陽明山的山產餐廳享用，晚餐則可以在淡水老街品嚐道地小吃及美食，費用皆為粗估。"
        },
        {
          "activities": [
            {
              "name": "野柳地質公園",
              "cost": 80,
              "placeId": "ChIJ1ZrmCnZMXTQRV2jCWjAX0eQ",
              "startTime": "2019-05-06 10:30:00",
              "endTime": "2019-05-06 12:00:00"
            },
            {
              "name": "九份老街",
              "cost": 300,
              "placeId": "ChIJcZT7-hdFXTQR0qekplqCFV8",
              "startTime": "2019-05-05 14:00:00",
              "endTime": "2019-05-05 15:30:00"
            },
            {
              "name": "黃金博物館",
              "cost": 80,
              "placeId": "ChIJ9653Kh5FXTQR1VWNys_RefA",
              "startTime": "2019-05-05 16:00:00",
              "endTime": "2019-05-05 17:00:00"
            },
            {
              "name": "基隆廟口夜市",
              "cost": 300,
              "placeId": "ChIJY5adFT5OXTQRHkmS-RPdhB0",
              "startTime": "2019-05-05 18:30:00",
              "endTime": "2019-05-05 20:00:00"
            }
          ],
          "note": "野柳地質公園與黃金博物館全票皆為80元，新北市民可免費入場，以上費用皆為粗估，可自行調整。"
        },
        {
          "activities": [
            {
              "name": "臺北市立動物園",
              "cost": 60,
              "placeId": "ChIJj4EySmCqQjQRZte0Cf0G_qo",
              "startTime": "2019-05-07 10:00:00",
              "endTime": "2019-05-07 16:00:00"
            },
            {
              "name": "西門町",
              "cost": 300,
              "placeId": "ChIJFymoKgqpQjQRHVfkqP0tyww",
              "startTime": "2019-05-07 18:00:00",
              "endTime": "2019-05-07 20:00:00"
            }
          ],
          "note": "白天去動物園最好可以帶悠遊卡，不用買票即可入園，也可直接搭乘遊園列車，並記得要帶傘具及防曬用品喔～"
        }
      ],
      "sites": [
        ["陽明山國家公園", "淡水老街", "華山1914文化創意產業園區"],
        ["野柳地質公園", "九份老街", "黃金博物館", "基隆廟口夜市"],
        ["臺北市立動物園", "西門町"]
      ],
      "comments": [
        {
          "date": "2019-05-10 10:00:00",
          "text": "非常棒的行程！既有去到台北市區內指標性的景點，也有讓人看到台北大自然美麗的一面！",
          "replies": [
            {
              "date": "2019-05-10 13:10:00",
              "text": "真的不錯！"
            }
          ]
        },
        {
          "date": "2019-05-13 19:00:00",
          "text": "行程本身很棒，不過要自己開車或是包車才比較方便，否則第二天的點會很不好到達。"
        }
      ]
    },
    {
      "name": "慢活遊古都 - 4天帶你探索府城！",
      "country": "臺灣",
      "cities": [
        "台南"
      ],
      "startDate": "2019-07-20",
      "isPrivate": true,
      "journal": "造訪台灣歷史最悠久的都市，並享受這城市的慢活氣氛跟絕佳美食！",
      "contents": [
        {
          "activities": [
            {
              "name": "安平古堡",
              "cost": 50,
              "placeId": "ChIJZ-TjeHN2bjQR8a3Jat0VHps",
              "startTime": "2019-07-20 10:00:00",
              "endTime": "2019-07-20 11:00:00"
            },
            {
              "name": "安平老街",
              "cost": 300,
              "placeId": "ChIJ_____wN2bjQRIOio8uGV_Og",
              "startTime": "2019-07-20 11:30:00",
              "endTime": "2019-07-20 13:30:00"
            },
            {
              "name": "安平樹屋",
              "cost": 50,
              "placeId": "ChIJlynOByF3bjQR_IzNSlgH-Ss",
              "startTime": "2019-07-20 14:00:00",
              "endTime": "2019-07-20 14:40:00"
            },
            {
              "name": "四草綠色隧道",
              "cost": 200,
              "placeId": "ChIJt0-ISOvYbTQRhg3rUteyQIw",
              "startTime": "2019-07-20 15:30:00",
              "endTime": "2019-07-20 17:00:00"
            },
            {
              "name": "神農街",
              "cost": 200,
              "placeId": "ChIJqctagGZ2bjQRGlAjSFrC5hE",
              "startTime": "2019-07-20 19:00:00",
              "endTime": "2019-07-20 20:00:00"
            }
          ],
          "note": "安平老街及神農街費用為粗估花費，其他三個則是門票或船票的費用，晚餐可在神農街及附近的海安路上享用，有很多餐廳、酒吧可以選擇。"
        },
        {
          "activities": [
            {
              "name": "關子嶺溫泉",
              "cost": 800,
              "placeId": "ChIJSfNljJ2NbjQRKpPO1fEKKsk",
              "startTime": "2019-07-21 10:00:00",
              "endTime": "2019-07-21 15:00:00"
            },
            {
              "name": "黃金海岸",
              "cost": 0,
              "placeId": "ChIJMTD9H3J1bjQRC0l1HyDH3rQ",
              "startTime": "2019-07-21 17:00:00",
              "endTime": "2019-07-21 18:30:00"
            },
            {
              "name": "花園夜市",
              "cost": 300,
              "placeId": "ChIJx7B27Vl2bjQRXNQQFasKOKI",
              "startTime": "2019-07-21 19:00:00",
              "endTime": "2019-07-21 20:30:00"
            }
          ],
          "note": "關子嶺溫泉為粗估費用，一個人泡湯加上午餐在附近山產餐廳可能接近800~900元，到黃金海岸可欣賞美麗的落日也可玩水，晚上再到花園夜市大啖美食。"
        },
        {
          "activities": [
            {
              "name": "十鼓仁糖文創園區",
              "cost": 399,
              "placeId": "ChIJA0P9eml0bjQRAFSV5Tjabuc",
              "startTime": "2019-07-22 10:00:00",
              "endTime": "2019-07-22 15:00:00"
            },
            {
              "name": "依蕾特布丁",
              "cost": 100,
              "placeId": "ChIJ-TPuxxF2bjQRJrg5_GhHuuk",
              "startTime": "2019-07-22 16:00:00",
              "endTime": "2019-07-22 16:30:00"
            },
            {
              "name": "藍晒圖文創園區",
              "cost": 0,
              "placeId": "ChIJtbdB0Xt2bjQR1IE4qcWD-lg",
              "startTime": "2019-07-22 17:00:00",
              "endTime": "2019-07-22 17:40:00"
            },
            {
              "name": "林百貨",
              "cost": 200,
              "placeId": "ChIJrZJc4GJ2bjQRa3BRyIgtRcM",
              "startTime": "2019-07-21 18:00:00",
              "endTime": "2019-07-21 18:40:00"
            }
          ],
          "note": "十鼓仁糖文創園區的門票也可在kkday/klook上訂購，依蕾特布丁單品項約為50-70原，費用只為粗估，林百貨得可依需求自行決定要不要購買，費用也只是粗估。"
        },
        {
          "activities": [
            {
              "name": "奇美博物館",
              "cost": 200,
              "placeId": "ChIJq6qqqnp0bjQRpvTHZeYTjKg",
              "startTime": "2019-07-23 10:00:00",
              "endTime": "2019-07-23 14:00:00"
            }
          ],
          "note": "這天的行程只有奇美博物館，下午可直接前往高鐵站、火車站、客運站回家，如果不趕時間也可以自行添加行程。"
        }
      ],
      "sites": [
        ["安平古堡","安平老街","安平樹屋","四草綠色隧道", "神農街"],
        ["關子嶺溫泉","黃金海岸", "花園夜市"],
        ["十鼓仁糖文創園區","依蕾特布丁", "藍晒圖文創園區", "林百貨"],
        ["奇美博物館"]
      ],
      "comments": [
        {
          "date": "2019-07-29 11:21:30",
          "text": "這個行程排得相當不錯，玩下來真的深深體會到台南的美！",
          "replies": [
            {
              "date": "2019-08-14 17:05:00",
              "text": "我也超喜歡！下次有機會還要再來台南！"
            }
          ]
        },
        {
          "date": "2019-08-03 18:37:12",
          "text": "台南是我最喜歡的觀光都市，沒有之一～"
        }
      ]
    },
    {
      "name": "台北後花園 - 宜蘭兩日遊",
      "days": 2,
      "country": "臺灣",
      "cities": [
        "宜蘭"
      ],
      "startDate": "2019-04-10",
      "isPrivate": true,
      "journal": "台北的後花園，有著明媚風光及舒服的溫泉",
      "contents": [
        {
          "activities": [
            {
              "name": "湯圍溝溫泉公園",
              "cost": 0,
              "placeId": "ChIJ772ubUr6ZzQRuY_2y4RvRrM",
              "startTime": "2019-04-10 11:00:00",
              "endTime": "2019-04-10 12:00:00"
            },
            {
              "name": "一之軒買奶凍卷",
              "cost": 200,
              "startTime": "2019-04-10 12:00:00",
              "endTime": "2019-04-10 12:30:00"
            },
            {
              "name": "羅東運動公園 東丘 落羽松",
              "cost": 0,
              "placeId": "ChIJR_I4YILmZzQRmijPLPyNOug",
              "startTime": "2019-04-10 15:00:00",
              "endTime": "2019-07-20 17:00:00"
            },
            {
              "name": "羅東夜市",
              "cost": 300,
              "placeId": "ChIJrw3A9X3mZzQRa6_ZjGQS3Sk",
              "startTime": "2019-04-10 19:30:00",
              "endTime": "2019-04-10 21:00:00"
            }
          ],
          "note": "從湯圍溝到羅東的路途比較遙遠"
        },
        {
          "activities": [
            {
              "name": "梅花湖",
              "cost": 300,
              "placeId": "ChIJ7RubbibnZzQRA8A3eSqKblM",
              "startTime": "2019-04-11 11:00:00",
              "endTime": "2019-04-11 13:00:00"
            },
            {
              "name": "冬山河親水公園",
              "cost": 0,
              "placeId": "ChIJ7RubbibnZzQRA8A3eSqKblM",
              "startTime": "2019-04-11 15:00:00",
              "endTime": "2019-04-11 15:30:00"
            },
            {
              "name": "東門夜市",
              "cost": 200,
              "placeId": "ChIJ2WCYo-zkZzQRB9EeK1RWmBs",
              "startTime": "2019-04-11 16:30:00",
              "endTime": "2019-04-11 18:00:00"
            }
          ],
          "note": "午餐可在梅花湖享用，不過當地餐廳屬於中高價位"
        }
      ],
      "sites": [
        [
          "湯圍溝溫泉公園",
          "羅東運動公園 東丘 落羽松",
          "羅東夜市"
        ],
        [
          "梅花湖",
          "冬山河親水公園",
          "東門夜市"
        ]
      ],
      "comments": [
        {
          "date": "2019-08-07 11:00:00",
          "text": "宜蘭很舒服",
          "replies": [
            {
              "date": "2019-08-14 17:05:00",
              "text": "礁溪溫泉很棒"
            }
          ]
        },
        {
          "date": "2019-08-08 15:00:00",
          "text": "假日容易大塞車就是"
        }
      ]
    },
    {
      "name": "兩日輕鬆遊台中",
      "days": 2,
      "country": "臺灣",
      "cities": [
        "台中"
      ],
      "startDate": "2019-10-10",
      "isPrivate": false,
      "journal": "台灣中部最繁榮的城市，市區以外也有許多不錯的景點",
      "contents": [
        {
          "activities": [
            {
              "name": "武陵農場",
              "cost": 300,
              "placeId": "ChIJw2g-MZ_xaDQRiTnTz7upGWg",
              "startTime": "2019-10-10 10:00:00",
              "endTime": "2019-10-10 17:00:00"
            },
            {
              "name": "逢甲夜市",
              "cost": 300,
              "placeId": "ChIJK4W2WSIWaTQROebP2ugIGg8",
              "startTime": "2019-10-10 18:00:00",
              "endTime": "2019-10-10 19:00:00"
            }
          ],
          "note": "武陵農場平日全票130，假日160，上述費用只是粗估每人費用。"
        },
        {
          "activities": [
            {
              "name": "國立自然科學博物館",
              "cost": 300,
              "placeId": "ChIJyzSRBng9aTQRNk-Xj7pbpvc",
              "startTime": "2019-10-11 10:00:00",
              "endTime": "2019-10-11 13:00:00"
            },
            {
              "name": "國立台灣美術館",
              "cost": 0,
              "placeId": "ChIJyVHkNqY9aTQRDilsyqDVfbg",
              "startTime": "2019-10-11 15:00:00",
              "endTime": "2019-10-11 16:30:00"
            },
           {
              "name": "高美濕地",
              "cost": 0,
              "placeId": "ChIJQ2FsFjwTaTQRKb4VYUrXd4Y",
              "startTime": "2019-10-10 17:20:00",
              "endTime": "2019-10-10 18:00:00"
           }
          ],
          "note": "科博館的票價參考官網，星期一公休要注意。"
        }
      ],
      "sites": [
        [
          "武陵農場",
          "逢甲夜市"
        ],
        [
          "國立自然科學博物館",
          "國立台灣美術館",
          "高美濕地"
        ]
      ],
      "comments": [
        {
          "date": "2019-11-07 11:00:00",
          "text": "台中吃的東西頗多",
          "replies": [
            {
              "date": "2019-11-14 17:05:00",
              "text": "有一間叫做 Hoyo Cafe 的早戊餐不錯吃，但人真的很多，要事先訂位"
            }
          ]
        },
        {
          "date": "2019-11-08 15:00:00",
          "text": "台中市區我覺得沒麼，倒是可以去像新社等郊區逛逛。"
        }
      ]
    }
  ]
}